id,ibu
6000,48.74
6001,29.31
6002,19.51
6003,58.5
6004,36.59
6005,13.84
6006,39.42
6007,19.39
6008,21.28
6009,34.4
6010,60.36
6011,47.38
6012,28.01
6013,30.54
6014,27.64
6015,44.45
6016,24.9
6017,29.86
6018,37.68
6019,41.19
6020,52.27
6021,33.15
6022,54.24
6023,25.73
6024,30.11
6025,90.51
6026,31.58
6027,35.05
6028,47.95
6029,48.16
6030,27.06
6031,16.9
6032,24.22
6033,32.89
6034,44.89
6035,73.36
6036,26.08
6037,33.48
6038,28.14
6039,37.68
6040,36.63
6041,50.53
6042,32.98
6043,59.15
6044,23.34
6045,11.14
6046,27.06
6047,44.29
6048,26.9
6049,34.43
6050,28.04
6051,21.43
6052,29.19
6053,63.43
6054,34.02
6055,33.5
6056,29.73
6057,32.05
6058,45.4
6059,31.91
6060,47.54
6061,30.33
6062,28.97
6063,33.41
6064,34.74
6065,26.06
6066,76.05
6067,32.82
6068,37.62
6069,33.58
6070,21.27
6071,30.95
6072,36.86
6073,20.39
6074,34.39
6075,28.64
6076,24.77
6077,21.55
6078,53.69
6079,27.8
6080,26.31
6081,68.76
6082,75.5
6083,25.19
6084,35.38
6085,6.07
6086,24.4
6087,55.48
6088,28.24
6089,28.83
6090,53.23
6091,37.57
6092,63.29
6093,61.0
6094,45.79
6095,24.77
6096,30.62
6097,35.49
6098,55.67
6099,23.28
6100,23.12
6101,31.0
6102,37.31
6103,27.94
6104,66.88
6105,24.35
6106,64.84
6107,32.29
6108,62.92
6109,41.85
6110,38.03
6111,37.59
6112,33.02
6113,59.42
6114,76.62
6115,56.38
6116,66.64
6117,31.65
6118,56.29
6119,11.53
6120,37.53
6121,32.01
6122,48.67
6123,29.04
6124,31.51
6125,27.26
6126,36.51
6127,84.18
6128,20.33
6129,30.08
6130,50.86
6131,34.0
6132,66.04
6133,81.94
6134,21.45
6135,15.0
6136,40.55
6137,33.87
6138,35.42
6139,25.67
6140,63.29
6141,25.66
6142,43.87
6143,20.22
6144,34.83
6145,40.54
6146,49.71
6147,36.65
6148,76.86
6149,26.46
6150,20.89
6151,17.09
6152,34.2
6153,45.74
6154,22.1
6155,28.19
6156,61.93
6157,22.78
6158,17.4
6159,69.48
6160,26.82
6161,43.34
6162,29.66
6163,57.3
6164,53.49
6165,65.53
6166,18.74
6167,23.31
6168,33.62
6169,35.84
6170,34.42
6171,31.48
6172,36.49
6173,23.61
6174,26.28
6175,17.88
6176,24.78
6177,65.49
6178,37.9
6179,75.61
6180,30.28
6181,75.01
6182,62.82
6183,42.81
6184,42.99
6185,58.21
6186,43.42
6187,31.14
6188,48.03
6189,39.23
6190,30.58
6191,22.24
6192,42.07
6193,54.57
6194,45.2
6195,47.3
6196,16.47
6197,21.07
6198,33.28
6199,22.41
6200,31.98
6201,77.31
6202,25.04
6203,23.69
6204,38.37
6205,26.17
6206,63.16
6207,91.81
6208,31.52
6209,60.21
6210,35.29
6211,58.92
6212,43.49
6213,27.74
6214,34.02
6215,68.12
6216,18.01
6217,91.96
6218,32.75
6219,53.75
6220,22.81
6221,29.37
6222,47.45
6223,23.68
6224,53.63
6225,28.13
6226,23.12
6227,41.96
6228,22.74
6229,29.28
6230,73.34
6231,26.86
6232,68.33
6233,70.11
6234,36.64
6235,32.83
6236,51.57
6237,30.06
6238,48.19
6239,71.92
6240,42.58
6241,23.72
6242,31.6
6243,39.73
6244,21.47
6245,26.83
6246,32.43
6247,18.68
6248,52.42
6249,17.93
6250,28.91
6251,35.15
6252,32.05
6253,65.82
6254,49.99
6255,27.2
6256,58.92
6257,50.78
6258,26.74
6259,56.74
6260,41.13
6261,21.84
6262,61.99
6263,26.48
6264,30.14
6265,34.54
6266,18.37
6267,44.9
6268,26.91
6269,73.12
6270,59.22
6271,64.09
6272,28.26
6273,71.93
6274,30.49
6275,53.71
6276,51.35
6277,34.06
6278,33.55
6279,72.23
6280,20.95
6281,37.01
6282,26.08
6283,31.42
6284,28.55
6285,41.86
6286,32.46
6287,21.57
6288,31.03
6289,25.02
6290,36.64
6291,18.39
6292,20.77
6293,52.47
6294,28.6
6295,60.67
6296,33.31
6297,89.08
6298,32.13
6299,69.75
6300,26.1
6301,28.44
6302,43.27
6303,22.07
6304,74.22
6305,36.78
6306,29.95
6307,71.13
6308,27.87
6309,31.79
6310,71.62
6311,23.15
6312,26.7
6313,69.13
6314,90.51
6315,18.21
6316,43.72
6317,64.23
6318,32.33
6319,35.22
6320,18.77
6321,27.91
6322,47.99
6323,46.12
6324,67.51
6325,77.03
6326,24.51
6327,61.22
6328,92.61
6329,45.02
6330,44.72
6331,37.57
6332,67.97
6333,66.18
6334,62.93
6335,76.11
6336,31.35
6337,47.99
6338,33.71
6339,17.62
6340,28.25
6341,19.1
6342,47.17
6343,38.56
6344,39.75
6345,50.47
6346,67.22
6347,24.25
6348,24.63
6349,33.04
6350,30.5
6351,37.0
6352,22.06
6353,25.19
6354,25.07
6355,23.98
6356,29.06
6357,33.95
6358,76.73
6359,71.19
6360,63.64
6361,43.24
6362,31.9
6363,29.13
6364,74.57
6365,38.55
6366,47.47
6367,52.33
6368,21.57
6369,25.29
6370,49.35
6371,36.72
6372,53.01
6373,40.3
6374,29.57
6375,67.35
6376,35.61
6377,44.16
6378,35.18
6379,30.28
6380,47.82
6381,72.62
6382,68.57
6383,22.23
6384,19.25
6385,38.74
6386,22.61
6387,20.36
6388,22.41
6389,45.93
6390,37.7
6391,58.11
6392,43.49
6393,22.41
6394,31.54
6395,27.62
6396,34.16
6397,24.01
6398,75.59
6399,24.84
6400,20.45
6401,26.04
6402,29.05
6403,36.36
6404,58.52
6405,26.75
6406,37.85
6407,37.0
6408,45.23
6409,33.03
6410,40.12
6411,32.04
6412,29.95
6413,62.7
6414,25.21
6415,45.91
6416,63.02
6417,27.39
6418,64.2
6419,83.23
6420,61.98
6421,23.65
6422,31.44
6423,27.23
6424,51.7
6425,61.46
6426,84.84
6427,44.91
6428,72.59
6429,32.33
6430,30.08
6431,21.26
6432,77.96
6433,37.31
6434,24.65
6435,37.44
6436,19.96
6437,26.16
6438,29.25
6439,30.39
6440,31.59
6441,32.31
6442,59.6
6443,23.29
6444,33.34
6445,40.14
6446,29.34
6447,34.77
6448,58.59
6449,19.23
6450,51.88
6451,18.81
6452,34.43
6453,43.13
6454,27.97
6455,37.64
6456,21.75
6457,22.25
6458,32.98
6459,37.05
6460,30.47
6461,30.54
6462,25.35
6463,24.24
6464,32.06
6465,28.69
6466,12.39
6467,44.23
6468,19.51
6469,31.46
6470,59.4
6471,70.51
6472,25.14
6473,22.12
6474,25.95
6475,30.14
6476,27.66
6477,60.56
6478,44.54
6479,35.73
6480,23.12
6481,41.13
6482,32.0
6483,20.99
6484,32.05
6485,30.25
6486,31.35
6487,22.85
6488,77.96
6489,61.79
6490,33.04
6491,26.21
6492,34.21
6493,26.85
6494,16.75
6495,54.23
6496,74.24
6497,21.07
6498,88.38
6499,34.99
6500,65.44
6501,40.87
6502,42.44
6503,51.72
6504,72.55
6505,59.42
6506,24.72
6507,73.33
6508,28.73
6509,34.64
6510,96.19
6511,30.98
6512,49.81
6513,81.41
6514,44.79
6515,54.52
6516,44.67
6517,46.98
6518,23.84
6519,62.81
6520,58.76
6521,61.17
6522,61.81
6523,71.77
6524,23.77
6525,70.21
6526,39.12
6527,47.48
6528,17.76
6529,31.03
6530,21.78
6531,61.74
6532,58.92
6533,22.53
6534,23.95
6535,27.33
6536,24.43
6537,23.4
6538,81.85
6539,28.75
6540,29.79
6541,40.12
6542,39.11
6543,85.65
6544,15.19
6545,66.47
6546,19.41
6547,18.19
6548,31.06
6549,33.07
6550,47.48
6551,45.4
6552,36.33
6553,30.71
6554,32.69
6555,32.55
6556,24.33
6557,27.98
6558,42.53
6559,76.06
6560,45.32
6561,33.39
6562,61.59
6563,43.5
6564,27.41
6565,104.83
6566,73.69
6567,31.83
6568,30.37
6569,39.69
6570,24.12
6571,64.69
6572,87.97
6573,36.5
6574,28.4
6575,17.91
6576,84.61
6577,28.0
6578,61.57
6579,19.01
6580,30.85
6581,72.05
6582,3.07
6583,41.7
6584,23.41
6585,92.47
6586,23.76
6587,28.22
6588,17.29
6589,21.55
6590,25.88
6591,54.66
6592,22.93
6593,34.72
6594,41.43
6595,24.36
6596,27.69
6597,30.47
6598,41.55
6599,36.29
6600,27.01
6601,22.64
6602,23.69
6603,36.88
6604,90.84
6605,30.4
6606,31.0
6607,41.01
6608,18.05
6609,20.18
6610,13.24
6611,28.78
6612,58.54
6613,37.52
6614,25.32
6615,44.28
6616,29.34
6617,35.81
6618,35.89
6619,33.9
6620,89.2
6621,18.69
6622,29.69
6623,52.63
6624,30.27
6625,21.59
6626,54.2
6627,32.8
6628,40.05
6629,18.15
6630,21.74
6631,43.09
6632,52.63
6633,40.42
6634,61.78
6635,95.16
6636,93.37
6637,39.22
6638,21.43
6639,25.07
6640,18.25
6641,42.32
6642,26.72
6643,30.94
6644,24.03
6645,30.88
6646,52.48
6647,74.4
6648,49.99
6649,31.95
6650,76.14
6651,32.16
6652,32.31
6653,13.92
6654,24.12
6655,34.12
6656,61.92
6657,21.45
6658,39.64
6659,23.04
6660,54.68
6661,39.34
6662,61.64
6663,29.88
6664,37.29
6665,22.87
6666,64.46
6667,15.66
6668,25.73
6669,95.42
6670,51.99
6671,37.26
6672,30.52
6673,27.01
6674,50.5
6675,21.66
6676,21.25
6677,29.97
6678,33.36
6679,25.07
6680,20.95
6681,29.22
6682,32.56
6683,30.55
6684,61.16
6685,91.91
6686,37.71
6687,44.37
6688,25.35
6689,29.04
6690,22.53
6691,29.75
6692,38.26
6693,61.3
6694,44.47
6695,35.87
6696,30.27
6697,28.05
6698,37.96
6699,22.74
6700,20.04
6701,66.57
6702,56.2
6703,63.13
6704,63.21
6705,31.22
6706,18.34
6707,44.18
6708,33.92
6709,39.99
6710,36.54
6711,66.65
6712,21.55
6713,18.42
6714,70.26
6715,61.41
6716,38.83
6717,44.57
6718,16.16
6719,24.94
6720,33.87
6721,67.92
6722,63.32
6723,35.69
6724,32.0
6725,52.0
6726,18.81
6727,27.65
6728,28.85
6729,27.2
6730,46.96
6731,19.77
6732,23.79
6733,70.5
6734,68.85
6735,17.33
6736,34.26
6737,71.96
6738,19.69
6739,27.81
6740,32.73
6741,15.19
6742,23.1
6743,19.24
6744,31.91
6745,40.87
6746,27.53
6747,38.17
6748,30.83
6749,37.03
6750,25.43
6751,67.04
6752,37.1
6753,25.14
6754,38.72
6755,68.71
6756,30.14
6757,26.99
6758,40.54
6759,49.02
6760,82.21
6761,28.88
6762,87.73
6763,57.94
6764,20.49
6765,46.94
6766,20.96
6767,39.96
6768,71.67
6769,34.33
6770,58.57
6771,48.45
6772,24.36
6773,18.14
6774,41.7
6775,71.29
6776,24.95
6777,30.6
6778,49.67
6779,36.45
6780,70.15
6781,20.66
6782,68.61
6783,49.03
6784,20.63
6785,27.96
6786,21.65
6787,23.61
6788,41.29
6789,15.54
6790,28.14
6791,15.58
6792,26.4
6793,62.89
6794,32.47
6795,33.55
6796,37.02
6797,36.9
6798,28.02
6799,39.39
6800,55.38
6801,23.21
6802,21.82
6803,22.02
6804,65.85
6805,49.93
6806,67.06
6807,29.76
6808,62.11
6809,57.88
6810,78.82
6811,24.34
6812,24.06
6813,31.27
6814,11.19
6815,30.85
6816,56.82
6817,44.89
6818,24.79
6819,43.41
6820,45.15
6821,21.6
6822,29.18
6823,32.05
6824,18.15
6825,16.69
6826,28.34
6827,27.87
6828,69.01
6829,29.0
6830,17.65
6831,20.13
6832,22.71
6833,21.52
6834,103.55
6835,25.15
6836,33.02
6837,57.97
6838,63.86
6839,32.18
6840,63.97
6841,43.59
6842,102.76
6843,28.23
6844,21.31
6845,23.17
6846,44.92
6847,22.65
6848,45.31
6849,31.33
6850,38.07
6851,38.59
6852,17.28
6853,37.83
6854,26.31
6855,28.38
6856,61.53
6857,38.67
6858,55.23
6859,25.12
6860,26.14
6861,28.29
6862,24.34
6863,27.76
6864,24.71
6865,86.72
6866,24.53
6867,24.7
6868,32.35
6869,44.33
6870,27.4
6871,37.99
6872,32.2
6873,36.88
6874,26.98
6875,24.91
6876,80.62
6877,65.06
6878,29.24
6879,47.79
6880,33.26
6881,29.28
6882,31.6
6883,21.21
6884,30.04
6885,59.32
6886,26.52
6887,55.93
6888,67.98
6889,27.45
6890,19.84
6891,22.84
6892,54.22
6893,30.35
6894,64.31
6895,33.7
6896,22.55
6897,30.79
6898,71.48
6899,26.95
6900,50.17
6901,30.99
6902,29.66
6903,29.9
6904,37.96
6905,38.85
6906,36.01
6907,44.51
6908,30.49
6909,17.89
6910,22.49
6911,34.43
6912,53.32
6913,12.84
6914,51.98
6915,25.55
6916,70.3
6917,38.22
6918,28.59
6919,99.15
6920,25.86
6921,85.37
6922,94.44
6923,27.12
6924,47.67
6925,70.95
6926,61.9
6927,97.31
6928,28.2
6929,25.66
6930,44.77
6931,67.93
6932,63.96
6933,65.74
6934,23.03
6935,106.06
6936,61.92
6937,29.48
6938,60.78
6939,27.22
6940,40.87
6941,21.56
6942,14.61
6943,27.7
6944,39.83
6945,27.41
6946,36.19
6947,26.2
6948,42.78
6949,89.9
6950,30.85
6951,37.22
6952,27.63
6953,54.85
6954,17.27
6955,53.53
6956,19.68
6957,26.52
6958,28.74
6959,29.95
6960,39.09
6961,28.99
6962,36.88
6963,24.81
6964,33.68
6965,23.6
6966,23.76
6967,56.93
6968,30.32
6969,33.13
6970,26.44
6971,28.0
6972,32.8
6973,20.09
6974,16.8
6975,24.75
6976,109.59
6977,24.41
6978,22.36
6979,20.3
6980,27.42
6981,20.14
6982,19.0
6983,24.07
6984,34.06
6985,25.07
6986,35.71
6987,20.19
6988,38.29
6989,20.14
6990,33.25
6991,67.17
6992,33.49
6993,64.57
6994,70.68
6995,88.11
6996,24.06
6997,70.2
6998,38.58
6999,28.89
7000,57.1
7001,43.01
7002,28.73
7003,35.0
7004,26.11
7005,38.55
7006,30.03
7007,21.9
7008,43.95
7009,29.31
7010,27.42
7011,35.97
7012,21.81
7013,21.25
7014,28.66
7015,36.37
7016,41.9
7017,96.49
7018,22.53
7019,33.86
7020,41.0
7021,34.48
7022,12.75
7023,38.99
7024,51.75
7025,44.68
7026,18.47
7027,40.29
7028,26.26
7029,28.16
7030,60.73
7031,42.08
7032,39.55
7033,27.04
7034,23.01
7035,26.35
7036,31.18
7037,58.05
7038,24.58
7039,24.22
7040,77.69
7041,40.12
7042,27.25
7043,39.42
7044,53.54
7045,30.79
7046,23.69
7047,32.38
7048,32.43
7049,66.96
7050,18.11
7051,58.15
7052,71.49
7053,59.16
7054,21.55
7055,18.04
7056,36.05
7057,47.1
7058,29.95
7059,32.71
7060,24.68
7061,21.16
7062,28.99
7063,19.48
7064,38.9
7065,33.79
7066,42.31
7067,56.23
7068,16.4
7069,27.63
7070,54.22
7071,21.73
7072,32.26
7073,76.51
7074,35.98
7075,39.19
7076,29.5
7077,59.34
7078,12.99
7079,43.21
7080,33.34
7081,26.93
7082,28.1
7083,31.97
7084,24.98
7085,45.99
7086,30.02
7087,59.12
7088,51.53
7089,39.14
7090,33.46
7091,8.46
7092,36.57
7093,22.09
7094,34.35
7095,57.51
7096,24.9
7097,48.73
7098,23.23
7099,23.22
7100,25.64
7101,62.94
7102,59.33
7103,27.9
7104,17.93
7105,10.81
7106,55.61
7107,25.94
7108,16.28
7109,23.11
7110,37.14
7111,35.55
7112,19.75
7113,36.67
7114,30.83
7115,16.67
7116,85.83
7117,24.28
7118,91.53
7119,25.47
7120,58.1
7121,29.49
7122,27.76
7123,26.2
7124,49.89
7125,21.03
7126,78.45
7127,40.27
7128,58.85
7129,35.92
7130,29.89
7131,39.64
7132,35.53
7133,20.11
7134,68.81
7135,26.35
7136,30.72
7137,20.68
7138,31.43
7139,23.62
7140,34.92
7141,80.38
7142,53.74
7143,22.27
7144,27.4
7145,26.25
7146,28.81
7147,62.66
7148,26.66
7149,55.49
7150,60.27
7151,59.77
7152,94.11
7153,26.89
7154,51.79
7155,29.17
7156,59.24
7157,20.82
7158,52.79
7159,32.94
7160,27.7
7161,26.73
7162,25.44
7163,26.31
7164,32.93
7165,34.48
7166,56.45
7167,16.36
7168,35.14
7169,37.83
7170,71.69
7171,27.24
7172,26.69
7173,32.66
7174,48.46
7175,70.48
7176,46.31
7177,24.51
7178,30.94
7179,31.13
7180,28.64
7181,21.75
7182,29.71
7183,33.28
7184,23.82
7185,42.08
7186,63.09
7187,33.23
7188,62.34
7189,32.97
7190,60.77
7191,47.34
7192,20.86
7193,36.39
7194,29.03
7195,25.67
7196,33.26
7197,67.07
7198,44.44
7199,66.17
7200,34.87
7201,26.47
7202,76.51
7203,17.5
7204,34.7
7205,31.13
7206,30.36
7207,39.28
7208,49.32
7209,20.81
7210,51.84
7211,36.19
7212,18.13
7213,59.66
7214,15.39
7215,27.66
7216,29.54
7217,23.64
7218,21.8
7219,30.85
7220,23.6
7221,60.78
7222,33.58
7223,56.12
7224,41.44
7225,45.73
7226,35.4
7227,14.32
7228,45.17
7229,30.48
7230,41.13
7231,81.32
7232,57.78
7233,40.12
7234,23.59
7235,17.76
7236,21.3
7237,24.89
7238,31.6
7239,81.52
7240,59.34
7241,34.12
7242,34.2
7243,26.81
7244,18.52
7245,42.63
7246,44.16
7247,62.7
7248,15.02
7249,68.21
7250,42.82
7251,18.5
7252,42.58
7253,33.32
7254,38.48
7255,31.81
7256,25.64
7257,15.34
7258,26.04
7259,59.53
7260,21.8
7261,22.93
7262,19.93
7263,53.37
7264,89.24
7265,46.4
7266,23.76
7267,19.8
7268,85.66
7269,22.66
7270,31.35
7271,40.75
7272,39.19
7273,70.33
7274,19.98
7275,21.81
7276,26.9
7277,18.39
7278,32.96
7279,69.51
7280,28.58
7281,58.19
7282,22.92
7283,32.55
7284,21.35
7285,21.45
7286,35.08
7287,57.17
7288,53.69
7289,34.69
7290,63.35
7291,24.78
7292,37.76
7293,100.11
7294,37.74
7295,55.8
7296,14.76
7297,24.35
7298,22.45
7299,31.48
7300,28.95
7301,79.75
7302,34.25
7303,23.91
7304,27.98
7305,24.95
7306,83.67
7307,27.67
7308,20.92
7309,39.6
7310,47.44
7311,31.9
7312,29.36
7313,61.41
7314,48.1
7315,52.24
7316,19.89
7317,23.48
7318,12.42
7319,51.46
7320,43.67
7321,50.35
7322,78.48
7323,26.31
7324,39.09
7325,50.91
7326,103.66
7327,92.39
7328,21.06
7329,43.38
7330,73.12
7331,46.87
7332,55.08
7333,16.86
7334,55.64
7335,77.65
7336,22.71
7337,17.88
7338,23.0
7339,20.46
7340,38.86
7341,33.41
7342,26.2
7343,40.01
7344,76.03
7345,24.81
7346,44.85
7347,54.09
7348,18.38
7349,30.42
7350,32.84
7351,10.65
7352,46.27
7353,28.54
7354,20.14
7355,24.07
7356,22.24
7357,31.23
7358,44.89
7359,24.78
7360,55.1
7361,30.63
7362,23.08
7363,20.98
7364,31.48
7365,17.88
7366,35.43
7367,28.95
7368,32.86
7369,69.75
7370,22.22
7371,18.53
7372,101.43
7373,34.01
7374,50.11
7375,42.27
7376,47.45
7377,29.93
7378,56.31
7379,30.33
7380,29.77
7381,64.26
7382,23.94
7383,12.87
7384,38.39
7385,20.21
7386,40.21
7387,36.39
7388,23.1
7389,51.25
7390,29.85
7391,48.53
7392,21.8
7393,94.07
7394,58.19
7395,38.75
7396,16.72
7397,28.25
7398,49.77
7399,31.27
7400,32.98
7401,25.41
7402,40.57
7403,43.68
7404,70.03
7405,54.45
7406,51.21
7407,25.65
7408,29.78
7409,56.54
7410,69.06
7411,41.44
7412,45.39
7413,29.02
7414,76.11
7415,37.68
7416,25.26
7417,38.89
7418,32.62
7419,20.42
7420,24.06
7421,37.59
7422,20.63
7423,80.51
7424,20.01
7425,48.24
7426,47.29
7427,40.27
7428,25.02
7429,37.0
7430,57.8
7431,34.01
7432,25.12
7433,33.25
7434,32.01
7435,37.9
7436,27.13
7437,22.14
7438,17.13
7439,80.62
7440,19.75
7441,61.49
7442,66.2
7443,21.92
7444,50.96
7445,58.06
7446,97.36
7447,65.79
7448,23.87
7449,33.64
7450,41.85
7451,15.11
7452,29.05
7453,66.17
7454,58.52
7455,33.96
7456,21.2
7457,28.54
7458,88.93
7459,14.12
7460,32.86
7461,30.26
7462,31.1
7463,38.65
7464,35.61
7465,25.03
7466,32.68
7467,26.1
7468,34.88
7469,32.96
7470,54.45
7471,71.86
7472,24.41
7473,22.87
7474,30.86
7475,32.2
7476,87.85
7477,30.72
7478,32.68
7479,75.0
7480,37.02
7481,21.72
7482,40.33
7483,19.55
7484,52.06
7485,27.9
7486,20.88
7487,36.25
7488,38.86
7489,39.42
7490,51.26
7491,17.99
7492,21.44
7493,30.28
7494,35.78
7495,28.44
7496,98.13
7497,66.94
7498,53.01
7499,36.84
7500,33.04
7501,24.49
7502,67.89
7503,20.36
7504,24.41
7505,24.61
7506,24.26
7507,66.72
7508,29.12
7509,46.45
7510,29.38
7511,39.12
7512,34.27
7513,23.57
7514,36.5
7515,32.53
7516,76.28
7517,24.17
7518,27.11
7519,57.85
7520,44.08
7521,12.26
7522,30.91
7523,33.18
7524,69.43
7525,79.44
7526,29.4
7527,32.71
7528,62.22
7529,34.6
7530,26.41
7531,70.0
7532,29.37
7533,23.53
7534,19.47
7535,30.95
7536,62.84
7537,21.66
7538,77.72
7539,29.73
7540,29.43
7541,31.77
7542,75.96
7543,70.46
7544,33.37
7545,25.21
7546,42.49
7547,41.46
7548,55.13
7549,29.99
7550,42.39
7551,63.36
7552,18.69
7553,42.59
7554,29.33
7555,37.71
7556,28.17
7557,54.28
7558,67.35
7559,22.09
7560,67.07
7561,40.69
7562,55.75
7563,36.02
7564,32.39
7565,51.22
7566,64.91
7567,57.77
7568,29.2
7569,22.13
7570,33.44
7571,66.71
7572,39.23
7573,29.4
7574,68.69
7575,23.13
7576,14.63
7577,40.12
7578,85.46
7579,31.37
7580,38.37
7581,24.42
7582,75.75
7583,19.91
7584,74.57
7585,49.6
7586,47.24
7587,75.23
7588,22.47
7589,66.57
7590,29.95
7591,39.86
7592,39.46
7593,27.31
7594,24.35
7595,27.63
7596,47.78
7597,32.71
7598,27.86
7599,40.67
7600,58.13
7601,46.03
7602,53.35
7603,15.7
7604,39.84
7605,32.98
7606,69.83
7607,55.3
7608,72.43
7609,52.36
7610,49.87
7611,22.19
7612,60.67
7613,26.7
7614,30.49
7615,22.4
7616,37.63
7617,17.4
7618,78.89
7619,62.49
7620,31.09
7621,51.01
7622,32.85
7623,49.4
7624,38.3
7625,19.39
7626,46.9
7627,20.98
7628,21.57
7629,40.07
7630,47.95
7631,70.37
7632,12.77
7633,9.84
7634,31.57
7635,57.09
7636,96.26
7637,69.56
7638,53.99
7639,20.01
7640,21.08
7641,41.46
7642,28.8
7643,53.96
7644,30.09
7645,63.26
7646,22.59
7647,29.36
7648,41.72
7649,17.69
7650,25.44
7651,44.62
7652,67.51
7653,56.53
7654,25.59
7655,36.62
7656,31.7
7657,27.16
7658,40.52
7659,25.75
7660,33.37
7661,27.23
7662,26.04
7663,58.98
7664,22.73
7665,20.39
7666,91.78
7667,33.47
7668,79.45
7669,28.87
7670,59.47
7671,26.33
7672,65.66
7673,37.91
7674,55.03
7675,51.31
7676,18.42
7677,64.46
7678,40.56
7679,69.57
7680,82.92
7681,18.04
7682,91.55
7683,21.27
7684,34.47
7685,37.94
7686,32.85
7687,62.63
7688,29.3
7689,26.08
7690,69.98
7691,23.53
7692,63.51
7693,69.46
7694,23.67
7695,68.83
7696,62.66
7697,31.44
7698,45.93
7699,37.41
7700,69.04
7701,42.65
7702,93.67
7703,53.79
7704,24.82
7705,41.44
7706,63.37
7707,32.74
7708,29.18
7709,65.75
7710,23.55
7711,32.8
7712,20.47
7713,31.7
7714,29.49
7715,94.72
7716,46.06
7717,37.87
7718,28.71
7719,37.75
7720,66.8
7721,39.82
7722,47.06
7723,17.54
7724,21.68
7725,40.54
7726,43.65
7727,34.99
7728,19.91
7729,79.08
7730,33.39
7731,23.56
7732,23.3
7733,19.65
7734,23.54
7735,45.93
7736,32.84
7737,43.92
7738,33.15
7739,43.99
7740,19.29
7741,61.69
7742,44.56
7743,61.7
7744,65.11
7745,67.38
7746,39.32
7747,28.86
7748,45.85
7749,34.12
7750,88.06
7751,30.43
7752,39.09
7753,66.71
7754,30.31
7755,18.54
7756,24.14
7757,26.73
7758,26.69
7759,57.2
7760,62.44
7761,22.64
7762,42.4
7763,64.84
7764,43.49
7765,34.66
7766,29.19
7767,23.75
7768,33.54
7769,102.21
7770,27.78
7771,27.26
7772,38.49
7773,52.76
7774,51.57
7775,28.8
7776,20.51
7777,41.85
7778,33.31
7779,27.95
7780,35.3
7781,24.18
7782,31.8
7783,55.88
7784,24.49
7785,27.17
7786,60.38
7787,39.56
7788,56.21
7789,33.52
7790,60.28
7791,31.06
7792,34.89
7793,37.5
7794,97.69
7795,29.79
7796,76.45
7797,22.76
7798,44.64
7799,84.9
7800,28.73
7801,33.61
7802,40.62
7803,40.29
7804,31.99
7805,41.81
7806,30.9
7807,66.08
7808,31.57
7809,43.87
7810,68.52
7811,63.7
7812,31.14
7813,31.39
7814,65.17
7815,62.29
7816,29.48
7817,62.23
7818,59.79
7819,64.36
7820,76.45
7821,39.06
7822,32.09
7823,44.47
7824,27.62
7825,19.32
7826,65.88
7827,38.09
7828,60.85
7829,32.63
7830,16.85
7831,44.67
7832,21.94
7833,64.55
7834,29.12
7835,24.43
7836,26.7
7837,31.76
7838,56.23
7839,26.95
7840,71.02
7841,26.13
7842,23.87
7843,30.49
7844,33.23
7845,55.48
7846,36.04
7847,23.86
7848,46.47
7849,25.99
7850,73.66
7851,35.57
7852,43.42
7853,65.33
7854,81.34
7855,91.11
7856,27.08
7857,48.44
7858,54.23
7859,22.88
7860,25.35
7861,36.17
7862,69.29
7863,61.5
7864,34.8
7865,45.67
7866,29.47
7867,21.88
7868,33.39
7869,57.98
7870,38.1
7871,19.37
7872,20.13
7873,25.72
7874,25.6
7875,33.06
7876,34.25
7877,64.76
7878,27.31
7879,24.22
7880,27.94
7881,23.53
7882,66.68
7883,21.83
7884,74.13
7885,47.21
7886,29.54
7887,65.28
7888,45.6
7889,47.14
7890,60.45
7891,28.68
7892,65.13
7893,69.98
7894,69.75
7895,24.02
7896,37.74
7897,12.42
7898,25.69
7899,45.68
7900,29.94
7901,63.39
7902,28.08
7903,39.4
7904,20.62
7905,30.7
7906,65.38
7907,30.35
7908,54.4
7909,48.76
7910,29.89
7911,24.97
7912,28.72
7913,35.55
7914,27.1
7915,48.82
7916,31.94
7917,18.41
7918,35.7
7919,44.96
7920,47.79
7921,28.54
7922,44.47
7923,33.56
7924,29.18
7925,67.35
7926,52.79
7927,38.19
7928,71.45
7929,73.61
7930,31.0
7931,19.99
7932,33.06
7933,37.07
7934,68.9
7935,35.97
7936,18.48
7937,31.94
7938,33.97
7939,16.52
7940,88.32
7941,51.24
7942,20.95
7943,26.43
7944,28.2
7945,26.84
7946,30.68
7947,25.75
7948,40.04
7949,65.07
7950,95.78
7951,37.56
7952,91.22
7953,24.42
7954,12.19
7955,16.66
7956,16.55
7957,22.11
7958,28.33
7959,29.56
7960,30.05
7961,18.73
7962,26.2
7963,60.79
7964,17.06
7965,27.32
7966,21.97
7967,29.19
7968,43.08
7969,83.35
7970,52.81
7971,32.27
7972,21.47
7973,34.46
7974,21.73
7975,84.95
7976,25.34
7977,31.7
7978,35.11
7979,42.44
7980,28.05
7981,15.86
7982,59.71
7983,20.99
7984,26.6
7985,98.45
7986,77.86
7987,85.54
7988,109.39
7989,47.12
7990,66.65
7991,21.57
7992,34.76
7993,29.75
7994,48.26
7995,29.95
7996,27.45
7997,54.83
7998,19.47
7999,19.13
8000,79.34
8001,67.75
8002,97.28
8003,38.22
8004,30.23
8005,47.14
8006,30.99
8007,22.48
8008,20.98
8009,20.2
8010,19.96
8011,29.92
8012,60.86
8013,39.09
8014,96.6
8015,30.04
8016,40.11
8017,47.53
8018,34.67
8019,66.84
8020,27.5
8021,68.67
8022,21.74
8023,21.47
8024,67.35
8025,23.77
8026,27.98
8027,30.86
8028,34.43
8029,48.26
8030,21.34
8031,17.19
8032,27.01
8033,18.07
8034,38.02
8035,51.01
8036,29.51
8037,22.87
8038,36.19
8039,33.34
8040,39.42
8041,29.86
8042,78.94
8043,26.88
8044,26.71
8045,27.45
8046,57.55
8047,38.26
8048,32.22
8049,60.78
8050,34.56
8051,21.82
8052,42.97
8053,44.29
8054,27.17
8055,61.99
8056,68.89
8057,43.71
8058,91.21
8059,25.87
8060,29.91
8061,38.23
8062,27.46
8063,29.19
8064,25.72
8065,32.17
8066,72.14
8067,25.67
8068,20.02
8069,40.47
8070,68.14
8071,47.85
8072,23.64
8073,54.65
8074,33.75
8075,23.81
8076,22.58
8077,26.83
8078,26.8
8079,54.06
8080,33.46
8081,47.66
8082,63.29
8083,38.07
8084,63.79
8085,99.59
8086,19.16
8087,26.37
8088,23.99
8089,70.94
8090,33.75
8091,29.63
8092,68.21
8093,37.68
8094,71.39
8095,20.62
8096,65.58
8097,45.91
8098,28.83
8099,69.43
8100,28.91
8101,44.69
8102,15.12
8103,58.07
8104,27.3
8105,27.94
8106,21.14
8107,20.32
8108,25.46
8109,19.07
8110,37.31
8111,33.71
8112,82.34
8113,21.9
8114,30.59
8115,31.11
8116,13.85
8117,30.42
8118,85.41
8119,28.24
8120,48.1
8121,51.79
8122,54.93
8123,49.13
8124,71.04
8125,42.57
8126,89.39
8127,31.26
8128,22.24
8129,38.01
8130,32.17
8131,33.28
8132,40.52
8133,36.63
8134,83.7
8135,24.12
8136,33.32
8137,36.72
8138,69.98
8139,25.95
8140,23.33
8141,28.19
8142,46.85
8143,36.78
8144,18.09
8145,27.48
8146,30.39
8147,40.1
8148,58.51
8149,27.7
8150,56.34
8151,35.22
8152,79.81
8153,44.01
8154,61.78
8155,20.0
8156,89.75
8157,31.31
8158,56.88
8159,25.86
8160,45.06
8161,28.72
8162,29.87
8163,16.89
8164,60.57
8165,56.76
8166,61.57
8167,20.03
8168,28.74
8169,21.87
8170,37.88
8171,18.37
8172,51.34
8173,33.29
8174,26.92
8175,37.14
8176,34.31
8177,43.84
8178,34.02
8179,26.67
8180,31.27
8181,41.37
8182,36.64
8183,43.14
8184,33.24
8185,40.54
8186,71.69
8187,34.87
8188,96.14
8189,24.45
8190,37.14
8191,35.47
8192,33.55
8193,38.28
8194,41.7
8195,19.92
8196,35.21
8197,19.7
8198,28.79
8199,38.53
8200,28.32
8201,20.8
8202,64.43
8203,26.25
8204,31.65
8205,29.97
8206,30.03
8207,34.39
8208,69.76
8209,53.23
8210,21.93
8211,22.26
8212,40.05
8213,43.58
8214,66.33
8215,24.52
8216,24.16
8217,33.97
8218,22.22
8219,25.83
8220,21.53
8221,66.14
8222,33.17
8223,47.58
8224,30.55
8225,70.62
8226,49.61
8227,31.34
8228,75.19
8229,34.83
8230,33.72
8231,66.2
8232,23.87
8233,37.01
8234,41.33
8235,51.14
8236,74.68
8237,72.72
8238,54.1
8239,23.45
8240,47.97
8241,94.77
8242,36.59
8243,35.44
8244,67.34
8245,42.88
8246,24.65
8247,62.24
8248,29.62
8249,40.48
8250,43.53
8251,23.8
8252,57.3
8253,43.26
8254,31.85
8255,55.67
8256,19.15
8257,34.01
8258,21.8
8259,2.68
8260,29.86
8261,43.21
8262,86.81
8263,63.63
8264,26.42
8265,71.42
8266,84.71
8267,38.0
8268,40.45
8269,96.52
8270,31.42
8271,20.46
8272,87.82
8273,16.96
8274,50.18
8275,62.23
8276,31.09
8277,24.53
8278,31.18
8279,25.95
8280,74.19
8281,28.78
8282,30.66
8283,24.81
8284,39.71
8285,35.72
8286,31.45
8287,67.14
8288,34.11
8289,27.32
8290,24.35
8291,37.64
8292,19.47
8293,26.7
8294,57.45
8295,66.71
8296,68.67
8297,34.51
8298,35.4
8299,21.23
8300,39.84
8301,93.43
8302,43.56
8303,30.86
8304,32.07
8305,45.54
8306,33.97
8307,15.05
8308,26.24
8309,36.9
8310,31.75
8311,95.29
8312,32.63
8313,20.88
8314,23.53
8315,30.67
8316,48.57
8317,20.18
8318,22.71
8319,52.74
8320,13.36
8321,59.78
8322,21.16
8323,20.54
8324,40.7
8325,21.74
8326,22.93
8327,20.84
8328,63.12
8329,43.78
8330,94.78
8331,17.91
8332,48.74
8333,92.56
8334,16.29
8335,30.71
8336,27.1
8337,27.05
8338,97.01
8339,20.11
8340,50.34
8341,21.52
8342,32.16
8343,79.76
8344,44.31
8345,55.6
8346,24.39
8347,23.81
8348,54.06
8349,62.51
8350,67.04
8351,39.87
8352,25.16
8353,37.54
8354,69.74
8355,76.43
8356,36.81
8357,33.73
8358,17.52
8359,18.54
8360,35.48
8361,40.55
8362,69.6
8363,16.2
8364,30.49
8365,16.45
8366,55.57
8367,57.86
8368,87.91
8369,37.4
8370,57.29
8371,56.98
8372,34.31
8373,39.44
8374,38.09
8375,48.8
8376,42.94
8377,68.85
8378,38.67
8379,62.0
8380,26.58
8381,59.62
8382,20.46
8383,71.7
8384,51.8
8385,18.31
8386,33.04
8387,41.33
8388,31.63
8389,27.02
8390,36.31
8391,26.43
8392,44.04
8393,48.49
8394,53.52
8395,36.3
8396,62.45
8397,27.55
8398,34.01
8399,24.33
8400,36.98
8401,62.27
8402,38.47
8403,20.63
8404,28.42
8405,54.77
8406,59.04
8407,21.59
8408,47.21
8409,23.6
8410,36.29
8411,40.77
8412,43.19
8413,65.96
8414,43.04
8415,23.37
8416,32.36
8417,51.3
8418,27.7
8419,105.02
8420,11.0
8421,15.52
8422,39.22
8423,26.8
8424,30.65
8425,24.35
8426,42.19
8427,14.03
8428,61.02
8429,60.97
8430,29.38
8431,26.56
8432,19.64
8433,40.53
8434,25.26
8435,42.05
8436,31.36
8437,26.54
8438,25.49
8439,31.0
8440,29.4
8441,25.82
8442,16.74
8443,32.54
8444,23.78
8445,58.97
8446,15.67
8447,35.82
8448,69.23
8449,99.89
8450,65.68
8451,26.25
8452,26.47
8453,47.58
8454,46.61
8455,32.26
8456,16.64
8457,59.02
8458,40.07
8459,36.11
8460,41.4
8461,30.58
8462,42.97
8463,72.36
8464,17.47
8465,35.59
8466,43.81
8467,31.25
8468,37.81
8469,35.63
8470,44.15
8471,36.07
8472,24.9
8473,71.88
8474,27.64
8475,34.31
8476,50.56
8477,71.93
8478,26.38
8479,30.28
8480,24.32
8481,61.45
8482,98.03
8483,19.04
8484,31.54
8485,35.36
8486,45.04
8487,37.98
8488,25.84
8489,25.1
8490,42.64
8491,21.63
8492,23.18
8493,77.03
8494,12.88
8495,37.17
8496,42.85
8497,29.41
8498,33.32
8499,81.99
8500,18.08
8501,28.63
8502,23.9
8503,67.3
8504,28.75
8505,74.87
8506,61.25
8507,30.57
8508,31.49
8509,26.27
8510,33.24
8511,65.22
8512,76.48
8513,46.35
8514,48.51
8515,25.52
8516,38.25
8517,27.14
8518,31.45
8519,52.42
8520,17.54
8521,66.14
8522,35.15
8523,18.54
8524,23.57
8525,18.45
8526,54.83
8527,69.16
8528,32.08
8529,48.49
8530,21.31
8531,28.35
8532,28.84
8533,13.1
8534,98.93
8535,28.56
8536,24.85
8537,29.94
8538,84.52
8539,31.08
8540,61.6
8541,19.06
8542,48.51
8543,24.39
8544,29.49
8545,46.69
8546,24.33
8547,32.73
8548,37.1
8549,43.73
8550,14.67
8551,41.17
8552,55.86
8553,34.64
8554,37.79
8555,35.69
8556,51.98
8557,20.95
8558,33.31
8559,34.06
8560,31.94
8561,31.8
8562,26.72
8563,23.18
8564,45.7
8565,30.52
8566,72.24
8567,101.08
8568,35.58
8569,79.72
8570,34.86
8571,21.64
8572,44.64
8573,41.85
8574,33.36
8575,58.98
8576,32.1
8577,68.69
8578,34.66
8579,70.18
8580,26.75
8581,24.53
8582,20.48
8583,52.4
8584,20.54
8585,27.49
8586,103.98
8587,34.14
8588,34.66
8589,52.08
8590,32.09
8591,27.07
8592,59.69
8593,25.76
8594,54.82
8595,28.43
8596,28.2
8597,36.4
8598,54.89
8599,74.64
8600,51.92
8601,38.66
8602,55.69
8603,15.84
8604,53.58
8605,19.27
8606,26.67
8607,39.32
8608,32.97
8609,9.57
8610,45.99
8611,25.61
8612,57.53
8613,91.33
8614,93.87
8615,44.72
8616,56.74
8617,46.16
8618,50.27
8619,21.23
8620,27.66
8621,24.28
8622,39.7
8623,39.8
8624,26.05
8625,57.58
8626,33.3
8627,44.07
8628,54.96
8629,27.78
8630,26.57
8631,33.51
8632,49.23
8633,20.73
8634,63.56
8635,27.12
8636,23.52
8637,89.51
8638,31.0
8639,26.63
8640,16.47
8641,23.66
8642,34.39
8643,43.76
8644,31.85
8645,28.56
8646,25.09
8647,38.07
8648,32.08
8649,24.72
8650,16.12
8651,43.15
8652,53.58
8653,75.72
8654,56.41
8655,46.5
8656,44.39
8657,36.88
8658,53.2
8659,26.73
8660,32.82
8661,27.55
8662,62.44
8663,24.25
8664,61.97
8665,53.92
8666,27.74
8667,33.15
8668,36.0
8669,21.37
8670,14.58
8671,29.16
8672,20.71
8673,33.06
8674,28.83
8675,30.94
8676,22.09
8677,45.93
8678,34.22
8679,34.15
8680,69.04
8681,22.03
8682,29.58
8683,23.34
8684,12.54
8685,68.69
8686,31.81
8687,27.96
8688,77.2
8689,24.53
8690,17.33
8691,34.87
8692,38.99
8693,72.65
8694,55.3
8695,66.81
8696,58.93
8697,20.77
8698,13.15
8699,43.96
8700,62.59
8701,35.15
8702,10.2
8703,18.29
8704,65.86
8705,39.43
8706,80.43
8707,20.81
8708,63.79
8709,53.87
8710,26.85
8711,56.66
8712,24.32
8713,54.6
8714,62.9
8715,30.22
8716,60.71
8717,30.02
8718,33.06
8719,38.24
8720,62.69
8721,22.77
8722,21.47
8723,34.97
8724,20.3
8725,34.28
8726,37.37
8727,33.24
8728,44.94
8729,38.28
8730,26.95
8731,100.11
8732,33.19
8733,22.87
8734,35.76
8735,58.16
8736,21.02
8737,34.32
8738,29.28
8739,33.29
8740,25.16
8741,36.88
8742,53.77
8743,42.24
8744,33.66
8745,96.17
8746,68.75
8747,41.99
8748,52.68
8749,21.95
8750,47.36
8751,19.0
8752,21.74
8753,41.13
8754,75.01
8755,37.51
8756,39.37
8757,68.83
8758,31.17
8759,56.85
8760,19.75
8761,28.9
8762,36.31
8763,24.93
8764,22.57
8765,38.65
8766,19.79
8767,71.64
8768,29.46
8769,69.51
8770,32.33
8771,86.84
8772,66.8
8773,14.41
8774,24.92
8775,34.7
8776,24.5
8777,30.27
8778,27.34
8779,64.46
8780,24.06
8781,22.37
8782,32.86
8783,16.82
8784,53.74
8785,20.73
8786,32.68
8787,45.8
8788,20.81
8789,61.01
8790,14.78
8791,44.99
8792,69.09
8793,18.79
8794,73.26
8795,59.9
8796,47.99
8797,23.39
8798,25.36
8799,30.81
8800,52.66
8801,28.91
8802,52.52
8803,31.56
8804,81.07
8805,33.85
8806,53.05
8807,24.42
8808,19.66
8809,51.96
8810,41.76
8811,30.62
8812,20.63
8813,38.04
8814,65.06
8815,48.0
8816,23.64
8817,21.82
8818,43.98
8819,22.05
8820,48.91
8821,22.21
8822,20.25
8823,28.69
8824,34.63
8825,67.22
8826,34.8
8827,32.69
8828,66.47
8829,72.8
8830,29.66
8831,32.65
8832,74.2
8833,27.75
8834,28.6
8835,23.82
8836,30.92
8837,67.14
8838,21.84
8839,97.22
8840,40.41
8841,67.56
8842,23.22
8843,53.12
8844,31.9
8845,25.31
8846,19.35
8847,20.09
8848,22.26
8849,30.78
8850,29.27
8851,20.55
8852,60.11
8853,30.36
8854,33.64
8855,64.93
8856,19.95
8857,26.03
8858,41.22
8859,63.62
8860,28.66
8861,66.28
8862,18.49
8863,33.73
8864,67.71
8865,34.09
8866,70.25
8867,34.89
8868,29.82
8869,36.21
8870,34.64
8871,51.03
8872,55.11
8873,25.91
8874,24.61
8875,23.23
8876,29.1
8877,46.62
8878,21.22
8879,27.62
8880,28.53
8881,51.93
8882,53.71
8883,34.72
8884,26.69
8885,64.46
8886,81.21
8887,40.06
8888,16.31
8889,43.99
8890,44.26
8891,55.58
8892,61.01
8893,50.15
8894,34.83
8895,22.21
8896,41.52
8897,24.78
8898,19.59
8899,42.71
8900,14.12
8901,73.34
8902,52.42
8903,47.77
8904,32.54
8905,31.56
8906,12.84
8907,66.71
8908,47.35
8909,63.28
8910,23.72
8911,40.3
8912,70.34
8913,21.55
8914,43.7
8915,77.38
8916,29.16
8917,32.94
8918,16.93
8919,51.27
8920,19.68
8921,32.16
8922,19.78
8923,19.52
8924,58.69
8925,38.5
8926,34.56
8927,49.17
8928,65.87
8929,38.69
8930,35.01
8931,20.05
8932,31.77
8933,47.13
8934,30.75
8935,38.63
8936,55.86
8937,50.85
8938,22.68
8939,22.97
8940,70.6
8941,48.17
8942,50.74
8943,53.8
8944,32.74
8945,20.45
8946,61.98
8947,28.9
8948,27.72
8949,47.38
8950,21.88
8951,29.81
8952,27.99
8953,68.84
8954,37.31
8955,28.85
8956,34.89
8957,43.33
8958,29.86
8959,41.28
8960,47.57
8961,49.26
8962,35.7
8963,40.49
8964,65.23
8965,50.65
8966,69.76
8967,52.58
8968,21.51
8969,74.24
8970,47.15
8971,30.4
8972,63.86
8973,24.03
8974,61.54
8975,32.01
8976,24.26
8977,55.51
8978,32.17
8979,30.17
8980,27.58
8981,26.19
8982,85.54
8983,32.98
8984,29.14
8985,27.66
8986,70.6
8987,47.99
8988,19.75
8989,38.31
8990,62.01
8991,38.45
8992,34.41
8993,23.02
8994,26.29
8995,33.92
8996,21.39
8997,26.5
8998,25.38
8999,25.7
9000,63.09
9001,50.81
9002,58.58
9003,22.37
9004,54.71
9005,48.47
9006,54.33
9007,32.25
9008,61.66
9009,79.26
9010,32.0
9011,20.05
9012,102.68
9013,30.78
9014,72.59
9015,58.97
9016,28.92
9017,47.77
9018,63.79
9019,69.34
9020,26.79
9021,27.06
9022,25.11
9023,26.02
9024,33.28
9025,28.12
9026,41.77
9027,57.37
9028,52.07
9029,32.96
9030,49.76
9031,23.52
9032,36.85
9033,26.67
9034,16.36
9035,26.6
9036,26.74
9037,98.2
9038,45.41
9039,20.14
9040,32.27
9041,44.53
9042,24.95
9043,55.88
9044,27.75
9045,30.21
9046,26.37
9047,20.99
9048,57.53
9049,63.28
9050,26.12
9051,22.41
9052,51.75
9053,40.54
9054,34.21
9055,31.79
9056,39.0
9057,25.88
9058,80.75
9059,63.25
9060,37.9
9061,91.56
9062,35.52
9063,28.16
9064,33.13
9065,54.01
9066,44.59
9067,29.45
9068,29.28
9069,28.25
9070,13.43
9071,29.89
9072,12.34
9073,25.43
9074,58.53
9075,25.92
9076,15.48
9077,16.22
9078,67.0
9079,73.57
9080,26.87
9081,45.32
9082,26.15
9083,32.66
9084,41.66
9085,16.04
9086,22.32
9087,74.97
9088,40.33
9089,34.21
9090,26.38
9091,65.59
9092,35.77
9093,29.32
9094,18.22
9095,50.44
9096,62.62
9097,28.29
9098,23.15
9099,92.47
9100,30.59
9101,38.95
9102,20.23
9103,35.72
9104,42.91
9105,28.59
9106,22.14
9107,35.65
9108,32.52
9109,39.07
9110,27.6
9111,37.17
9112,28.3
9113,25.69
9114,63.39
9115,33.19
9116,27.33
9117,35.13
9118,31.85
9119,62.43
9120,19.92
9121,72.14
9122,20.11
9123,37.18
9124,28.87
9125,24.73
9126,57.21
9127,22.41
9128,38.27
9129,41.69
9130,40.69
9131,75.03
9132,33.52
9133,61.86
9134,42.68
9135,25.14
9136,30.2
9137,23.27
9138,72.85
9139,25.43
9140,68.64
9141,17.7
9142,19.04
9143,30.75
9144,34.72
9145,39.94
9146,37.95
9147,48.5
9148,61.69
9149,33.05
9150,69.46
9151,27.16
9152,19.07
9153,28.73
9154,19.39
9155,74.57
9156,29.84
9157,21.27
9158,19.75
9159,23.88
9160,39.96
9161,30.59
9162,29.52
9163,29.95
9164,71.81
9165,23.37
9166,56.84
9167,31.53
9168,63.31
9169,38.96
9170,57.36
9171,21.69
9172,87.17
9173,84.52
9174,96.38
9175,64.11
9176,28.54
9177,82.94
9178,27.17
9179,38.27
9180,30.56
9181,26.71
9182,72.43
9183,27.35
9184,25.51
9185,27.13
9186,43.19
9187,37.69
9188,54.49
9189,20.48
9190,33.12
9191,69.42
9192,19.95
9193,33.67
9194,26.9
9195,35.16
9196,32.55
9197,88.62
9198,89.72
9199,22.54
9200,70.29
9201,41.74
9202,64.82
9203,51.24
9204,22.71
9205,25.49
9206,26.33
9207,86.27
9208,64.77
9209,41.16
9210,27.53
9211,37.47
9212,22.26
9213,77.27
9214,42.54
9215,26.5
9216,37.9
9217,37.17
9218,28.24
9219,23.25
9220,31.32
9221,35.15
9222,36.87
9223,55.14
9224,35.13
9225,34.95
9226,28.15
9227,74.32
9228,46.2
9229,64.42
9230,23.04
9231,58.15
9232,29.69
9233,31.39
9234,52.79
9235,35.65
9236,71.64
9237,42.18
9238,18.67
9239,55.86
9240,32.17
9241,22.73
9242,35.29
9243,13.22
9244,25.26
9245,65.35
9246,42.44
9247,46.7
9248,30.72
9249,59.74
9250,18.35
9251,66.26
9252,26.66
9253,15.07
9254,36.87
9255,23.35
9256,34.9
9257,98.97
9258,62.9
9259,75.0
9260,33.28
9261,68.23
9262,61.41
9263,57.3
9264,34.73
9265,6.54
9266,47.47
9267,34.54
9268,64.07
9269,25.19
9270,28.56
9271,34.69
9272,95.52
9273,21.27
9274,67.17
9275,62.04
9276,73.34
9277,68.89
9278,20.92
9279,75.12
9280,27.17
9281,72.41
9282,43.38
9283,41.37
9284,70.73
9285,26.85
9286,28.43
9287,21.91
9288,100.96
9289,44.64
9290,30.84
9291,23.84
9292,46.48
9293,42.72
9294,66.71
9295,28.59
9296,32.27
9297,35.57
9298,34.12
9299,40.5
9300,26.85
9301,24.44
9302,47.18
9303,30.56
9304,19.87
9305,20.45
9306,25.25
9307,64.11
9308,85.37
9309,66.25
9310,34.08
9311,22.57
9312,32.31
9313,72.62
9314,33.02
9315,46.63
9316,85.95
9317,37.33
9318,28.76
9319,64.3
9320,38.92
9321,56.85
9322,33.07
9323,23.0
9324,38.25
9325,30.31
9326,31.85
9327,77.1
9328,26.5
9329,30.03
9330,45.41
9331,32.93
9332,18.37
9333,30.29
9334,23.83
9335,29.56
9336,18.81
9337,31.44
9338,106.01
9339,38.19
9340,86.61
9341,66.19
9342,31.07
9343,30.91
9344,22.19
9345,35.68
9346,31.91
9347,31.01
9348,22.55
9349,29.06
9350,17.87
9351,43.48
9352,34.1
9353,67.84
9354,20.61
9355,46.58
9356,27.77
9357,64.99
9358,12.52
9359,37.18
9360,35.18
9361,30.38
9362,33.03
9363,42.21
9364,24.73
9365,26.3
9366,69.62
9367,49.47
9368,39.34
9369,48.12
9370,34.82
9371,27.65
9372,46.88
9373,60.57
9374,39.93
9375,41.44
9376,21.33
9377,31.91
9378,51.58
9379,42.49
9380,37.0
9381,29.29
9382,49.23
9383,26.03
9384,42.16
9385,101.53
9386,31.89
9387,50.88
9388,45.39
9389,38.58
9390,29.54
9391,32.71
9392,26.28
9393,32.56
9394,47.44
9395,54.89
9396,30.93
9397,25.82
9398,52.48
9399,22.36
9400,75.83
9401,23.4
9402,19.21
9403,18.31
9404,37.68
9405,46.15
9406,54.14
9407,41.63
9408,23.58
9409,32.13
9410,31.61
9411,60.89
9412,33.11
9413,21.22
9414,25.0
9415,26.2
9416,19.82
9417,18.07
9418,24.19
9419,20.64
9420,13.22
9421,68.84
9422,26.23
9423,30.79
9424,36.46
9425,25.48
9426,39.13
9427,28.98
9428,71.98
9429,19.79
9430,21.87
9431,34.27
9432,32.2
9433,31.98
9434,41.8
9435,47.99
9436,27.45
9437,39.96
9438,80.93
9439,41.49
9440,25.81
9441,39.82
9442,17.31
9443,27.52
9444,28.27
9445,16.2
9446,57.32
9447,24.04
9448,18.48
9449,42.57
9450,22.61
9451,42.86
9452,26.1
9453,36.84
9454,26.51
9455,31.1
9456,31.88
9457,26.95
9458,35.17
9459,28.98
9460,23.27
9461,47.21
9462,48.04
9463,45.06
9464,47.93
9465,55.26
9466,25.52
9467,32.07
9468,35.18
9469,41.41
9470,24.78
9471,42.68
9472,31.85
9473,22.63
9474,15.45
9475,68.85
9476,40.99
9477,27.22
9478,70.13
9479,81.38
9480,42.96
9481,26.81
9482,35.03
9483,35.23
9484,90.58
9485,41.54
9486,21.08
9487,23.03
9488,27.59
9489,22.67
9490,33.45
9491,50.17
9492,30.71
9493,30.51
9494,52.26
9495,46.66
9496,68.28
9497,69.51
9498,73.55
9499,62.72
9500,86.5
9501,38.58
9502,72.62
9503,30.47
9504,21.17
9505,30.09
9506,35.44
9507,27.39
9508,26.06
9509,18.16
9510,31.88
9511,38.12
9512,34.5
9513,21.24
9514,31.72
9515,32.69
9516,33.91
9517,52.21
9518,55.52
9519,22.85
9520,66.13
9521,21.7
9522,39.0
9523,14.12
9524,94.24
9525,34.0
9526,18.15
9527,97.34
9528,83.73
9529,77.67
9530,14.12
9531,61.66
9532,28.56
9533,31.34
9534,70.22
9535,75.83
9536,27.86
9537,72.55
9538,32.51
9539,26.51
9540,32.61
9541,46.61
9542,41.48
9543,48.98
9544,63.84
9545,23.09
9546,22.19
9547,28.42
9548,86.88
9549,40.14
9550,61.22
9551,63.73
9552,19.46
9553,19.04
9554,33.98
9555,33.04
9556,47.42
9557,93.51
9558,11.43
9559,28.18
9560,46.62
9561,74.81
9562,35.95
9563,72.19
9564,16.81
9565,32.43
9566,46.82
9567,52.04
9568,16.83
9569,22.59
9570,20.69
9571,66.32
9572,68.31
9573,24.45
9574,43.92
9575,32.16
9576,64.51
9577,23.86
9578,56.31
9579,52.82
9580,23.16
9581,33.53
9582,27.98
9583,28.19
9584,43.95
9585,31.5
9586,27.97
9587,34.28
9588,38.76
9589,56.25
9590,18.3
9591,22.57
9592,30.71
9593,59.94
9594,30.78
9595,28.79
9596,16.57
9597,31.08
9598,67.59
9599,97.11
9600,55.67
9601,22.65
9602,72.41
9603,24.67
9604,34.15
9605,68.19
9606,11.19
9607,30.9
9608,33.64
9609,20.75
9610,33.83
9611,29.51
9612,39.46
9613,26.75
9614,83.5
9615,54.63
9616,66.96
9617,52.81
9618,13.52
9619,61.39
9620,34.05
9621,28.05
9622,60.88
9623,25.58
9624,65.25
9625,95.62
9626,78.52
9627,67.34
9628,57.68
9629,85.33
9630,34.02
9631,13.99
9632,68.84
9633,54.66
9634,64.83
9635,42.52
9636,82.92
9637,84.29
9638,33.37
9639,27.13
9640,19.16
9641,56.32
9642,25.98
9643,36.79
9644,33.08
9645,34.3
9646,47.09
9647,17.87
9648,20.43
9649,74.97
9650,21.18
9651,33.25
9652,38.27
9653,23.21
9654,26.81
9655,17.12
9656,18.17
9657,90.15
9658,44.31
9659,32.82
9660,44.31
9661,31.32
9662,56.39
9663,71.93
9664,61.14
9665,45.44
9666,23.93
9667,23.13
9668,30.73
9669,32.36
9670,22.7
9671,61.38
9672,29.07
9673,51.19
9674,29.78
9675,29.94
9676,56.18
9677,38.14
9678,45.18
9679,58.76
9680,30.19
9681,103.94
9682,28.33
9683,47.4
9684,47.35
9685,26.55
9686,42.37
9687,23.55
9688,26.05
9689,23.85
9690,38.35
9691,31.97
9692,23.1
9693,25.77
9694,22.72
9695,39.91
9696,52.41
9697,59.82
9698,32.04
9699,70.48
9700,39.09
9701,46.14
9702,36.9
9703,40.24
9704,68.83
9705,20.77
9706,20.19
9707,62.87
9708,22.17
9709,37.19
9710,71.13
9711,47.72
9712,28.89
9713,77.92
9714,21.74
9715,27.74
9716,31.75
9717,24.64
9718,79.72
9719,36.68
9720,57.98
9721,21.01
9722,18.25
9723,20.46
9724,11.23
9725,24.81
9726,46.02
9727,30.92
9728,20.56
9729,32.66
9730,36.36
9731,38.45
9732,51.57
9733,52.05
9734,22.49
9735,18.69
9736,19.49
9737,63.51
9738,49.98
9739,79.86
9740,45.3
9741,21.29
9742,19.59
9743,32.11
9744,32.26
9745,70.83
9746,35.11
9747,79.35
9748,28.6
9749,23.33
9750,22.5
9751,69.91
9752,20.05
9753,31.31
9754,32.44
9755,91.35
9756,36.45
9757,32.4
9758,74.43
9759,29.78
9760,35.17
9761,21.4
9762,29.34
9763,60.79
9764,47.01
9765,19.48
9766,101.88
9767,12.63
9768,24.44
9769,29.21
9770,42.55
9771,75.65
9772,25.97
9773,70.79
9774,26.22
9775,48.73
9776,27.84
9777,17.66
9778,22.68
9779,75.06
9780,44.91
9781,33.11
9782,41.67
9783,25.94
9784,15.62
9785,40.47
9786,29.68
9787,59.53
9788,25.02
9789,28.38
9790,64.4
9791,22.24
9792,30.1
9793,40.21
9794,33.89
9795,60.31
9796,29.18
9797,56.58
9798,49.27
9799,57.21
9800,23.29
9801,20.04
9802,91.25
9803,43.99
9804,21.61
9805,68.31
9806,83.56
9807,21.19
9808,38.01
9809,19.2
9810,20.51
9811,95.66
9812,51.87
9813,29.17
9814,25.26
9815,87.21
9816,36.57
9817,56.86
9818,37.3
9819,38.58
9820,68.21
9821,22.67
9822,39.84
9823,40.3
9824,30.39
9825,55.54
9826,31.77
9827,23.89
9828,26.91
9829,33.83
9830,4.35
9831,13.78
9832,24.23
9833,49.29
9834,21.32
9835,46.29
9836,37.68
9837,24.18
9838,23.52
9839,45.61
9840,40.74
9841,20.82
9842,21.9
9843,35.84
9844,10.96
9845,61.13
9846,32.09
9847,56.46
9848,33.81
9849,21.31
9850,45.75
9851,42.29
9852,29.9
9853,35.09
9854,47.51
9855,66.99
9856,63.49
9857,28.8
9858,26.22
9859,43.03
9860,62.12
9861,48.98
9862,54.34
9863,58.15
9864,22.64
9865,20.27
9866,20.92
9867,36.14
9868,19.76
9869,28.54
9870,29.96
9871,51.21
9872,32.26
9873,32.34
9874,21.63
9875,21.32
9876,60.29
9877,77.26
9878,62.53
9879,30.97
9880,21.66
9881,31.39
9882,73.39
9883,78.17
9884,21.37
9885,21.42
9886,61.29
9887,34.96
9888,63.54
9889,32.59
9890,56.61
9891,30.32
9892,39.81
9893,25.91
9894,31.76
9895,49.12
9896,41.34
9897,30.95
9898,49.72
9899,36.32
9900,25.45
9901,34.06
9902,66.04
9903,45.88
9904,22.16
9905,80.31
9906,22.88
9907,48.78
9908,15.59
9909,64.47
9910,39.63
9911,21.09
9912,82.35
9913,38.14
9914,47.42
9915,65.34
9916,44.47
9917,45.88
9918,36.68
9919,27.15
9920,24.49
9921,46.92
9922,51.87
9923,42.52
9924,33.17
9925,16.36
9926,20.98
9927,23.11
9928,27.12
9929,50.28
9930,74.33
9931,57.06
9932,38.26
9933,25.91
9934,87.37
9935,29.49
9936,26.16
9937,36.64
9938,23.8
9939,49.17
9940,25.16
9941,37.1
9942,22.61
9943,52.97
9944,32.03
9945,22.64
9946,68.69
9947,34.01
9948,33.14
9949,29.53
9950,33.8
9951,28.32
9952,40.24
9953,74.4
9954,48.95
9955,33.23
9956,21.25
9957,102.61
9958,95.74
9959,29.44
9960,24.92
9961,32.14
9962,19.99
9963,68.47
9964,31.74
9965,70.21
9966,58.24
9967,36.08
9968,34.41
9969,13.22
9970,93.94
9971,65.19
9972,42.08
9973,32.64
9974,43.26
9975,83.32
9976,54.49
9977,23.04
9978,70.95
9979,47.48
9980,31.0
9981,65.22
9982,27.65
9983,21.13
9984,21.75
9985,27.81
9986,70.83
9987,33.89
9988,74.24
9989,46.93
9990,23.47
9991,31.44
9992,22.93
9993,49.68
9994,23.37
9995,98.71
9996,24.36
9997,68.01
9998,30.99
9999,37.98
10000,23.26
10001,16.16
10002,31.86
10003,61.56
10004,63.96
10005,34.72
10006,29.13
10007,26.66
10008,52.75
10009,35.29
10010,62.72
10011,47.48
10012,38.29
10013,38.34
10014,21.55
10015,33.12
10016,34.79
10017,53.56
10018,27.68
10019,39.14
10020,25.55
10021,66.69
10022,20.77
10023,35.35
10024,54.72
10025,26.92
10026,82.98
10027,22.69
10028,25.39
10029,58.42
10030,33.85
10031,64.36
10032,52.42
10033,68.73
10034,27.06
10035,51.08
10036,28.13
10037,34.7
10038,38.0
10039,35.77
10040,28.83
10041,26.51
10042,25.43
10043,20.08
10044,45.72
10045,38.15
10046,21.67
10047,20.75
10048,22.44
10049,22.01
10050,43.07
10051,74.09
10052,31.22
10053,59.55
10054,38.09
10055,52.27
10056,58.93
10057,36.22
10058,34.09
10059,20.9
10060,38.07
10061,30.15
10062,36.33
10063,34.92
10064,19.84
10065,41.55
10066,85.93
10067,55.08
10068,39.04
10069,56.28
10070,59.7
10071,16.94
10072,29.16
10073,38.45
10074,51.9
10075,21.11
10076,82.81
10077,26.72
10078,31.65
10079,62.86
10080,19.5
10081,102.45
10082,21.69
10083,42.76
10084,30.37
10085,21.35
10086,21.6
10087,25.42
10088,54.57
10089,25.48
10090,29.16
10091,32.61
10092,19.85
10093,32.17
10094,31.28
10095,23.47
10096,31.31
10097,55.28
10098,38.96
10099,32.31
10100,55.82
10101,33.34
10102,33.33
10103,27.88
10104,23.98
10105,28.45
10106,32.66
10107,69.06
10108,19.98
10109,54.16
10110,27.93
10111,36.79
10112,26.86
10113,48.82
10114,63.35
10115,39.89
10116,36.36
10117,35.7
10118,21.24
10119,24.11
10120,29.32
10121,71.39
10122,48.95
10123,47.45
10124,88.04
10125,40.12
10126,66.34
10127,42.58
10128,66.76
10129,33.57
10130,45.53
10131,41.41
10132,76.71
10133,47.23
10134,19.86
10135,31.04
10136,20.63
10137,38.16
10138,31.37
10139,52.34
10140,23.44
10141,25.4
10142,42.09
10143,30.38
10144,65.71
10145,54.31
10146,22.07
10147,61.08
10148,36.92
10149,18.04
10150,77.62
10151,19.01
10152,81.98
10153,25.66
10154,39.06
10155,30.26
10156,24.94
10157,58.98
10158,37.21
10159,23.95
10160,33.97
10161,85.57
10162,57.95
10163,25.91
10164,29.36
10165,22.08
10166,49.13
10167,33.36
10168,27.6
10169,18.74
10170,26.7
10171,22.95
10172,23.52
10173,24.64
10174,34.06
10175,39.07
10176,33.47
10177,27.91
10178,30.16
10179,17.85
10180,34.11
10181,42.49
10182,34.19
10183,36.64
10184,62.45
10185,53.02
10186,57.59
10187,36.29
10188,36.8
10189,24.16
10190,39.21
10191,62.05
10192,85.54
10193,99.0
10194,19.41
10195,19.6
10196,18.07
10197,24.92
10198,31.26
10199,28.17
10200,65.08
10201,43.54
10202,30.83
10203,26.3
10204,59.5
10205,29.07
10206,20.55
10207,45.06
10208,33.06
10209,21.58
10210,38.54
10211,61.87
10212,26.49
10213,39.66
10214,53.15
10215,31.08
10216,60.98
10217,29.37
10218,37.86
10219,35.37
10220,25.17
10221,46.23
10222,86.17
10223,69.43
10224,38.64
10225,25.85
10226,23.18
10227,26.53
10228,44.33
10229,60.33
10230,37.76
10231,20.89
10232,19.55
10233,43.28
10234,51.59
10235,24.92
10236,39.95
10237,22.18
10238,18.58
10239,34.32
10240,75.53
10241,28.6
10242,23.76
10243,46.89
10244,30.74
10245,49.9
10246,23.45
10247,31.84
10248,41.72
10249,33.93
10250,73.69
10251,47.14
10252,23.69
10253,21.39
10254,35.14
10255,69.51
10256,37.82
10257,35.03
10258,19.32
10259,26.7
10260,33.04
10261,57.02
10262,35.9
10263,25.96
10264,39.63
10265,27.49
10266,54.72
10267,38.99
10268,19.82
10269,33.11
10270,52.99
10271,26.28
10272,64.74
10273,61.94
10274,63.98
10275,20.45
10276,23.27
10277,40.79
10278,43.47
10279,64.72
10280,18.54
10281,45.71
10282,24.24
10283,36.97
10284,31.7
10285,52.96
10286,33.19
10287,24.18
10288,57.98
10289,20.36
10290,50.48
10291,47.13
10292,19.09
10293,43.17
10294,23.74
10295,32.82
10296,41.85
10297,74.22
10298,36.34
10299,29.82
10300,27.77
10301,24.57
10302,51.28
10303,38.09
10304,16.56
10305,52.31
10306,59.51
10307,66.08
10308,39.57
10309,43.54
10310,63.22
10311,76.49
10312,79.14
10313,20.66
10314,50.99
10315,26.46
10316,21.23
10317,32.59
10318,31.44
10319,23.95
10320,30.02
10321,26.94
10322,28.19
10323,17.43
10324,62.65
10325,46.62
10326,31.98
10327,33.58
10328,45.07
10329,103.72
10330,67.85
10331,36.08
10332,22.24
10333,17.9
10334,60.83
10335,39.61
10336,34.05
10337,30.85
10338,60.75
10339,67.11
10340,35.55
10341,53.39
10342,52.51
10343,33.82
10344,69.09
10345,70.38
10346,63.21
10347,95.42
10348,29.4
10349,28.43
10350,11.38
10351,53.5
10352,74.81
10353,32.74
10354,34.77
10355,92.47
10356,66.72
10357,35.41
10358,16.16
10359,17.89
10360,29.9
10361,70.6
10362,21.12
10363,90.75
10364,23.61
10365,63.97
10366,21.33
10367,31.58
10368,69.44
10369,24.91
10370,33.97
10371,49.04
10372,37.54
10373,37.48
10374,24.22
10375,17.6
10376,70.56
10377,69.76
10378,69.16
10379,27.35
10380,38.31
10381,42.34
10382,27.41
10383,59.98
10384,21.9
10385,57.4
10386,23.15
10387,33.78
10388,36.88
10389,16.45
10390,26.19
10391,89.79
10392,41.91
10393,93.83
10394,66.96
10395,74.16
10396,71.93
10397,27.16
10398,22.27
10399,34.37
10400,31.77
10401,31.08
10402,43.35
10403,19.17
10404,29.38
10405,22.82
10406,34.45
10407,27.38
10408,27.55
10409,43.52
10410,65.35
10411,32.86
10412,55.46
10413,29.96
10414,27.03
10415,27.38
10416,23.78
10417,31.97
10418,21.11
10419,63.63
10420,32.93
10421,26.71
10422,30.56
10423,18.26
10424,23.6
10425,36.47
10426,51.19
10427,32.99
10428,32.49
10429,16.22
10430,32.04
10431,29.44
10432,43.03
10433,39.04
10434,36.06
10435,19.77
10436,21.03
10437,38.56
10438,25.41
10439,13.26
10440,19.78
10441,68.83
10442,27.4
10443,32.23
10444,39.55
10445,19.43
10446,23.06
10447,38.01
10448,31.34
10449,33.74
10450,37.56
10451,34.3
10452,30.34
10453,27.26
10454,31.98
10455,31.09
10456,84.05
10457,27.3
10458,20.35
10459,64.02
10460,28.52
10461,27.76
10462,25.55
10463,34.21
10464,19.6
10465,56.32
10466,32.78
10467,37.78
10468,26.91
10469,23.94
10470,31.48
10471,57.13
10472,43.11
10473,58.5
10474,24.24
10475,72.72
10476,36.02
10477,32.8
10478,22.54
10479,91.86
10480,42.74
10481,35.35
10482,43.65
10483,61.43
10484,20.9
10485,35.16
10486,26.68
10487,34.99
10488,32.11
10489,24.49
10490,22.78
10491,36.32
10492,48.06
10493,54.9
10494,23.97
10495,25.04
10496,35.94
10497,26.48
10498,17.89
10499,43.0
10500,80.79
10501,32.1
10502,18.72
10503,27.37
10504,62.22
10505,54.69
10506,75.22
10507,24.83
10508,36.11
10509,31.63
10510,35.35
10511,63.97
10512,26.91
10513,19.98
10514,47.29
10515,50.17
10516,102.43
10517,41.49
10518,38.53
10519,71.73
10520,74.98
10521,37.91
10522,42.08
10523,58.97
10524,73.69
10525,20.33
10526,96.82
10527,34.91
10528,24.19
10529,18.41
10530,46.0
10531,16.44
10532,52.35
10533,73.81
10534,9.94
10535,24.41
10536,26.22
10537,27.98
10538,30.53
10539,63.14
10540,13.65
10541,67.74
10542,69.61
10543,39.55
10544,51.51
10545,38.38
10546,34.07
10547,20.76
10548,34.12
10549,37.03
10550,31.64
10551,24.83
10552,29.8
10553,63.32
10554,19.34
10555,68.63
10556,42.39
10557,42.3
10558,20.82
10559,32.23
10560,77.34
10561,40.36
10562,23.05
10563,37.62
10564,40.88
10565,36.14
10566,11.77
10567,34.85
10568,21.35
10569,49.86
10570,28.91
10571,67.74
10572,14.14
10573,36.69
10574,42.77
10575,32.53
10576,63.86
10577,75.52
10578,32.42
10579,28.74
10580,32.58
10581,29.62
10582,39.71
10583,26.67
10584,24.02
10585,27.76
10586,49.66
10587,42.64
10588,34.59
10589,28.57
10590,33.07
10591,34.06
10592,108.68
10593,69.04
10594,19.97
10595,38.25
10596,46.72
10597,29.81
10598,12.16
10599,43.73
10600,23.81
10601,32.36
10602,24.13
10603,46.62
10604,21.68
10605,77.15
10606,29.25
10607,23.31
10608,47.73
10609,18.46
10610,39.27
10611,24.77
10612,22.73
10613,24.81
10614,47.44
10615,24.45
10616,66.83
10617,20.73
10618,23.47
10619,20.97
10620,65.17
10621,38.18
10622,30.55
10623,34.17
10624,32.17
10625,69.84
10626,35.03
10627,26.76
10628,22.16
10629,28.77
10630,23.71
10631,35.61
10632,71.38
10633,40.03
10634,39.43
10635,45.52
10636,50.29
10637,38.45
10638,31.61
10639,48.19
10640,30.49
10641,37.62
10642,28.35
10643,50.42
10644,28.04
10645,30.85
10646,31.21
10647,24.75
10648,76.45
10649,37.91
10650,34.41
10651,85.34
10652,38.53
10653,29.22
10654,25.15
10655,37.14
10656,38.26
10657,26.16
10658,20.04
10659,43.46
10660,21.2
10661,61.16
10662,16.34
10663,61.02
10664,28.71
10665,29.66
10666,25.34
10667,68.63
10668,54.95
10669,55.99
10670,46.67
10671,33.25
10672,28.54
10673,35.55
10674,40.28
10675,44.13
10676,55.59
10677,37.43
10678,28.65
10679,23.3
10680,23.52
10681,39.37
10682,41.23
10683,43.26
10684,22.98
10685,34.95
10686,32.13
10687,24.58
10688,66.96
10689,43.79
10690,28.56
10691,43.97
10692,42.55
10693,30.93
10694,30.15
10695,23.11
10696,48.44
10697,29.46
10698,29.21
10699,47.53
10700,22.03
10701,34.68
10702,25.94
10703,18.08
10704,24.0
10705,70.43
10706,62.75
10707,25.72
10708,29.33
10709,23.88
10710,39.02
10711,51.86
10712,51.01
10713,21.72
10714,22.22
10715,40.23
10716,18.35
10717,27.06
10718,73.23
10719,95.52
10720,22.9
10721,39.6
10722,39.44
10723,83.99
10724,48.98
10725,22.99
10726,57.76
10727,61.78
10728,81.8
10729,69.47
10730,31.32
10731,58.15
10732,45.44
10733,33.04
10734,40.44
10735,29.01
10736,22.27
10737,34.07
10738,70.98
10739,30.48
10740,67.92
10741,38.84
10742,16.67
10743,70.91
10744,39.27
10745,38.33
10746,26.3
10747,47.53
10748,43.66
10749,29.07
10750,36.36
10751,24.01
10752,61.98
